id;user_id;first_name;middle_name;last_name;date_of_birth;country_of_birth;country_of_citizen_ship;passport_number;gender;category;email;current_address;phone_number;current_visa_status;refered_by;passport_front_page;passport_back_page
1;purple set;Reta;Bedfordshire;Greenfelder;2021-12-26T11:51:09;hybrid capacitor;protocol SMS hacking;XSS;OTHERS;MASTERCAP;Anahi_Hudson@yahoo.com;Berkshire sexy Focused;methodical Franc;red niches;Internal Integration Plastic;../fake-data/blob/hipster.txt;../fake-data/blob/hipster.txt
2;strategy Metal;Brooklyn;Swiss Devolved;Reilly;2021-12-26T05:28:16;Internal Cotton;Loan purple;open-source invoice EXE;OTHERS;MASTERCAP;Citlalli.Miller22@gmail.com;Directives Arizona;Associate Franc;Engineer Administrator back-end;and;../fake-data/blob/hipster.txt;../fake-data/blob/hipster.txt
3;Brand Movies EXE;Edythe;background Riel;Hettinger;2021-12-26T05:30:19;Malta;functionalities;attitude-oriented wireless infrastructure;OTHERS;REGULARCAP;Asha_Schiller@hotmail.com;Neck e-markets;Representative;channels;Cotton;../fake-data/blob/hipster.txt;../fake-data/blob/hipster.txt
4;vortals PCI;Juliet;interfaces;Swaniawski;2021-12-26T13:48:14;Awesome 24/7;Trail solid;Salad up;FEMALE;REGULARCAP;Tate_Marks@hotmail.com;quantify Unbranded;portal Rustic primary;backing service-desk payment;Market;../fake-data/blob/hipster.txt;../fake-data/blob/hipster.txt
5;Factors plum;Micheal;middleware mobile empowering;Stroman;2021-12-26T10:18:14;Minnesota Montana;panel non-volatile;world-class;MALE;REGULARCAP;Cristal68@hotmail.com;Rubber primary;demand-driven blue override;Loan Kingdom;Steel;../fake-data/blob/hipster.txt;../fake-data/blob/hipster.txt
6;invoice Liaison;Genoveva;THX Awesome;Kilback;2021-12-26T21:02:56;Account up port;Fish next-generation Vanuatu;framework Sausages;FEMALE;MASTERCAP;Adelia_Price@hotmail.com;bandwidth Gloves;user-centric;Slovenia Trail;Re-contextualized;../fake-data/blob/hipster.txt;../fake-data/blob/hipster.txt
7;Concrete Refined engineer;Maynard;Bacon Korea;Rath;2021-12-26T22:05:37;Plastic;Afghani analyzing;web-enabled;OTHERS;MASTERCAP;Mateo_Carter@yahoo.com;Quality withdrawal card;Pound open;Supervisor access;back-end;../fake-data/blob/hipster.txt;../fake-data/blob/hipster.txt
8;alarm Tactics invoice;Cristian;microchip Cambridgeshire;Miller;2021-12-26T18:17:48;convergence innovate exploit;Highway invoice card;Music Japan mesh;FEMALE;MASTERCAP;Aurelio_Labadie1@gmail.com;Rubber Tools;Sausages protocol;integrated Brand Sports;Forward;../fake-data/blob/hipster.txt;../fake-data/blob/hipster.txt
9;pixel Customer Faroe;Jackson;niches bypassing Direct;Johns;2021-12-26T19:36:19;payment interface;Product Operations Concrete;Car Oregon Fresh;MALE;REGULARCAP;Faustino.Ernser15@yahoo.com;Bedfordshire plum sensor;alliance Vision-oriented Industrial;synthesizing;Crest Customer;../fake-data/blob/hipster.txt;../fake-data/blob/hipster.txt
10;Quality;Cordell;Electronics collaborative;Tremblay;2021-12-27T02:47:15;bandwidth-monitored content;pink;AGP;MALE;MASTERCAP;Ismael.OKon39@yahoo.com;Rubber visionary Rue;Ways;bluetooth rich middleware;sensor invoice;../fake-data/blob/hipster.txt;../fake-data/blob/hipster.txt
